name,username,password,email,country,role
Ginger Stein,Tanisha,COF71EB,enim.sit@yahoo.net,Philippines,Student
India Munoz,Xander,KEV65JC,lacus.ut.nec@outlook.org,Germany,Teacher
Timothy Hunter,Jermaine,XJF66RT,nisl.elementum@hotmail.couk,Sweden,Teacher
Ryan Roberts,Martin,NYO31SC,urna.nunc@outlook.org,United Kingdom,Teacher
Inga Le,Tatum,FDL81NT,enim.commodo@icloud.org,United States,Teacher
Grant Harrell,Galena,NWZ44ZS,ac.orci@icloud.org,Brazil,Student
Teagan Brennan,Brendan,GUP43WM,parturient@hotmail.org,New Zealand,Student
Tate Robbins,Colt,QEX13IB,est.vitae@aol.couk,South Korea,Teacher
Zachery Nunez,Maryam,FNI20YD,erat.vel@protonmail.com,India,Student
Kelsey Snider,Jennifer,TNO11AS,erat.neque.non@aol.ca,South Africa,Student
Quentin Wiggins,Cassidy,MXI68QR,ac@outlook.edu,Australia,Student
Melissa Perkins,Howard,BXH73QG,sem.mollis@protonmail.ca,Netherlands,Student
Caesar Rosa,Aretha,EDK48GU,dui.fusce.aliquam@aol.edu,Poland,Teacher
Sharon Schwartz,Holly,AIL32HF,elit.aliquam@icloud.net,Spain,Student
Francis Branch,Patricia,FPG78VL,nunc@aol.net,Ireland,Teacher
Zoe Salazar,Veronica,XNU61VW,magna.tellus@hotmail.org,Sweden,Student
Colt Hester,Kylie,OEN42YB,duis.cursus.diam@yahoo.edu,Sweden,Student
Christen Ortega,Quyn,HPR07QT,magnis@outlook.net,Ukraine,Student
Keith Ware,Martena,VGG52WU,ligula@icloud.couk,Ireland,Student
Jakeem Campos,Joseph,XLK94MP,vehicula@protonmail.edu,Costa Rica,Student
Leandra House,Hannah,JGW87JG,lorem@yahoo.couk,India,Teacher
Tatiana Kennedy,Tanner,RQQ24UU,interdum.ligula@outlook.couk,China,Teacher
Ila Lindsey,Tarik,SYD24XT,lobortis@protonmail.edu,Turkey,Student
Hyatt Estrada,Liberty,IPP18ZR,massa.mauris.vestibulum@yahoo.com,Pakistan,Student
Jolene Farley,Phoebe,WWN13JB,ornare@outlook.edu,Peru,Teacher
Ivan Garcia,Rama,UXX44IO,sollicitudin.orci@hotmail.couk,Ukraine,Teacher
Germane Reese,Oren,ICR53JM,gravida@icloud.ca,China,Student
Vaughan Raymond,Gregory,DXS22QD,cursus.et.magna@yahoo.couk,Italy,Teacher
Odette Mcgowan,Joshua,WPM66VO,nunc.mauris@google.net,South Korea,Student
Camille Farley,Maggie,ERA36MO,imperdiet@outlook.ca,India,Student
Mia Mcneil,Darryl,XZG77CN,sagittis@outlook.net,Philippines,Teacher
Holmes Albert,MacKensie,XXL65VB,malesuada@hotmail.net,France,Student
Riley Mcclure,Deborah,STG54OD,nam.nulla@aol.ca,Australia,Teacher
Zephania Ballard,Sylvia,HDO67JP,ipsum.non@yahoo.ca,Netherlands,Student
Jeanette Parrish,Carter,GJK24UJ,auctor.velit.eget@yahoo.com,Russian Federation,Student
Callum Salas,Nissim,QRU28UD,eros.non.enim@google.couk,Belgium,Student
Guy Everett,Irene,ASA78OC,aliquam@icloud.com,Costa Rica,Teacher
Sheila Diaz,Dominique,FAY52RN,sit.amet@aol.ca,South Korea,Student
Frances Landry,Medge,NGS68OQ,augue.ac@protonmail.net,India,Teacher
Alexis Gonzalez,Bruce,NFI43SE,orci.tincidunt@icloud.com,Netherlands,Student
Roth Lane,Kenneth,GNV13UO,augue@google.ca,Italy,Teacher
Zeph Rosario,Cleo,ZEG97US,lorem@google.couk,Vietnam,Student
Carla Hansen,Britanney,MHC80SG,euismod.est@aol.ca,Indonesia,Student
Kelsey Graham,Ina,XXX70JP,est.mauris.eu@aol.net,Canada,Student
Xandra Booker,Caesar,PCD37OV,a.enim.suspendisse@icloud.edu,Australia,Student
Cora Logan,Richard,YLQ57QT,hymenaeos@icloud.ca,India,Student
Margaret Wolfe,Matthew,NTJ69OS,quam.curabitur@hotmail.com,Italy,Student
Teegan Combs,Ryan,BKZ48QE,ac.metus.vitae@outlook.org,Austria,Teacher
Lilah Johnson,Brynn,UTW54CA,ornare@aol.net,Turkey,Student
Basia Kennedy,Simon,SCL39MF,cras.sed@google.couk,China,Teacher
Bradley Booker,Hyatt,MWY83DW,proin.ultrices.duis@hotmail.edu,Poland,Student
Kellie Battle,Coby,DNQ15SZ,vitae.aliquam.eros@aol.edu,Brazil,Student
Rahim Joyner,Jared,MHN78VY,odio@protonmail.edu,United States,Student
Kamal Scott,Benedict,CNP23VS,enim@protonmail.couk,Colombia,Teacher
Ivy Deleon,Jolie,UMD99TI,velit@aol.org,Canada,Student
Alexandra Terry,Coby,DLP16YG,cubilia.curae.phasellus@outlook.org,Costa Rica,Teacher
Ashton Pugh,Serina,XBY46JN,sed@google.couk,Norway,Teacher
Jillian Vaughan,Stewart,KAP83OD,non.leo@google.edu,Chile,Student
Cara Luna,Ebony,QPD73SW,nulla@icloud.net,Costa Rica,Teacher
Dennis Crane,Graiden,VGF15PK,sociis.natoque@outlook.ca,Mexico,Student
Paula Robles,Marvin,ZWM13XS,dui.nec@protonmail.edu,Spain,Student
Jenna Delaney,Daniel,VEE74KD,nonummy@yahoo.net,Chile,Teacher
Avye Oneal,Kadeem,PDB94LL,fringilla@outlook.org,Italy,Teacher
Sara Gould,Kamal,FKN33QI,mollis@protonmail.com,India,Teacher
Ann Francis,Camilla,PPE43DD,massa.mauris@aol.edu,New Zealand,Student
Judah Barnett,Kasimir,OGP55VM,nibh@hotmail.org,Canada,Student
Phelan Cain,Justin,YYH33WS,in.consectetuer@yahoo.couk,Ireland,Teacher
Ima Cole,Yardley,YGG73EZ,mus.proin@icloud.edu,Ukraine,Teacher
Maggie Lang,Teagan,CLJ35VE,sagittis.lobortis@protonmail.net,Netherlands,Teacher
Rinah Ross,Yen,UUF66HR,aliquam.erat.volutpat@yahoo.couk,Norway,Teacher
Cooper Michael,Hammett,CMI87MV,dui.cum@aol.net,Germany,Teacher
Pandora Orr,Bevis,RYO82NH,nisi.aenean@outlook.ca,Poland,Teacher
Mariam Love,Stacy,TGU67FE,semper.auctor.mauris@outlook.com,Ireland,Student
Keith Spears,Graiden,QYP18YM,dolor@icloud.edu,Nigeria,Teacher
Madeson Shaffer,Cassidy,SPJ49PF,sagittis.felis@aol.ca,Brazil,Teacher
Beck Pitts,Kennan,UGI67SQ,enim.mauris@yahoo.net,Chile,Student
Baxter Bowen,Hoyt,RKD87WT,auctor.velit.eget@protonmail.couk,China,Student
Kuame Lott,Colorado,SNA41QO,cras.dolor@aol.com,Colombia,Student
Channing Waller,Lana,EYS67UC,sociis@aol.edu,Belgium,Teacher
Tara Talley,Kiara,TXR39HL,nullam@protonmail.org,Vietnam,Student
Freya Larson,Macaulay,QGD81NP,amet.ultricies@icloud.ca,India,Teacher
Ferris Summers,Samuel,AGX53CU,enim.commodo@protonmail.edu,Germany,Teacher
Adrian Chen,Ciara,MCF38YR,phasellus.elit.pede@google.edu,South Africa,Teacher
Margaret Byers,Brittany,CKI81XM,urna.nullam@outlook.couk,Spain,Student
Flynn Wallace,Cassandra,JZX11CL,aliquam.ornare@aol.edu,Costa Rica,Student
Cruz Hansen,Ian,GKS22NV,ut.tincidunt.vehicula@outlook.org,Turkey,Student
Amy Harper,Tasha,YRQ13DK,eu@icloud.com,Netherlands,Student
Nero Richard,Nero,BCS79CB,diam@aol.net,Norway,Student
Bevis Ferrell,Haley,MHO14MM,neque@outlook.net,Russian Federation,Teacher
Keefe Hampton,Molly,BIW46DU,fringilla@outlook.com,Germany,Student
Macaulay Newman,Elijah,VRP76OZ,augue.ac.ipsum@protonmail.ca,Sweden,Teacher
Karyn Shaw,Oprah,PEC87NY,duis.elementum.dui@protonmail.org,South Africa,Student
Elaine Berg,Nita,SGT89OG,augue.ac@yahoo.couk,Canada,Teacher
Plato Ramsey,Nathaniel,QQE77CO,volutpat.nulla.facilisis@aol.ca,Peru,Teacher
Alexa Abbott,Flavia,BRQ83JQ,turpis.nulla@aol.com,Singapore,Student
Ifeoma Kline,Raphael,KQD24UQ,tristique.pharetra@google.edu,Colombia,Student
Carla Tyson,Illiana,LFP58XI,tempor.arcu@hotmail.ca,Vietnam,Student
Aaron Fischer,Iris,QEN57DM,eu.metus@google.com,Peru,Student
Merrill Rios,Caesar,EWG23VK,sit.amet@aol.couk,Singapore,Student
Constance Petersen,Jada,SGW78XK,consectetuer.ipsum.nunc@outlook.edu,Costa Rica,Teacher